appId,title,description,url,genres,developer,developerWebsite,score,ratings,currentVersionReleaseDate,languageCodesISO2A,os,privacyPolicyUrl,contentRating,price,installs,inAppProductPrice,cancerTypes_breast,cancerTypes_prostate,cancerTypes_colorectal,cancerTypes_hodgkin,cancerTypes_pediatric,cancerTypes_bone,cancerTypes_rare,cancerTypes_melanoma,cancerTypes_lung,cancerTypes_pancreatic,cancerTypes_stomach,cancerTypes_bladder,cancerTypes_non-hodgkin,cancerTypes_liver,cancerTypes_kidney,cancerTypes_multiple myeloma,cancerTypes_thyroid,cancerTypes_oral cavity,cancerTypes_esophagus,cancerTypes_larynx,cancerTypes_corpus uteri,cancerTypes_ovarian,cancerTypes_endometrial,cancerTypes_testicular,cancerTypes_neuroblastoma,cancerTypes_wilms,thematicAreas_adverseEvents,thematicAreas_nutrition,thematicAreas_mentalHealth,thematicAreas_qol,thematicAreas_jobSecurityAccessToEmployment,thematicAreas_survivorshipCare,thematicAreas_AYACare,thematicAreas_lateEffects,thematicAreas_wellbeing,thematicAreas_meditation,thematicAreas_co-morbidity,thematicAreas_rehabilitation,thematicAreas_physicalActivity,thematicAreas_socialRehabilitation,thematicAreas_sexualLife,thematicAreas_lifeStyle,thematicAreas_empowermentOfCancerSurvivorship,thematicAreas_inequalitiesInSurvivorship,thematicAreas_prevention,thematicAreas_cancerInformation,thematicAreas_personalExperiences,targetGroups_adult,targetGroups_child,targetGroups_man,targetGroups_woman,time
com.google.android.apps.nbu.files,Files by Google,"âœ¨ <b>Free up space</b> on your device with cleaning recommendationsğŸ” <b>Find files faster</b> with search and simple browsingâ†”ï¸ <b>Quickly share files offline</b> with Nearby Shareâ˜ï¸ <b>Back up files to the cloud</b> to save space on your deviceğŸ”’ <b>Secure your files</b> with a non-device lock<b>Free up space</b>Easily see how much space is left on your device, SD card and USB drive. Free up space by finding old photos from chat apps, duplicate files, clearing cache, and more.<b>Find files faster</b>Save time looking for photos, videos, and documents on your phone. Search quickly or browse your GIFs or share that video you downloaded recently. Sort files by size to understand whatâ€™s taking up space.<b>Fast & secure file sharing</b>Share photos, videos, apps, and more to Android and Chromebook devices around you with Nearby Share. Files transfer quickly, with speeds up to 480 Mbps, even without an internet connection. Transfers are private and secured with end-to-end encryption.<b>Secure your files</b>Keep your sensitive files safe with a PIN or pattern that can be different from your device lock.<b>Play offline media</b>Listen to your music or watch your videos with advanced controls like playback speed, shuffle, and more.<b>Back up files</b>Move your files to Google Drive or an SD card to save space on your device. You can also share to other cloud storage apps on your device.<b>Get smart recommendations</b>Get helpful suggestions to save space, protect your device, and more. Your recommendations get smarter the more you use the app.<b>Itâ€™s efficient and effective</b>The Files by Google app uses less than 20 MB of storage on your device, itâ€™s easy to use, and has no ads.",https://play.google.com/store/apps/details?id=com.google.android.apps.nbu.files&hl=en&gl=ES,['Tools'],Google LLC,http://filesgo.google.com/,4.619202,7570462,"Oct 30, 2023",['EN'],Android,http://www.google.com/policies/privacy,PEGI 3,0,1000000000,None,[],[],[],[],[],[],[],[],[],[],[],[],[],[],[],[],[],[],[],[],[],[],[],[],[],[],[],[],[],[],[],[],[],[],[],[],[],[],[],[],[],[],[],[],[],[],[],[],[],[],[],2023-10-30
org.mozilla.firefox,Firefox Fast & Private Browser,"<b>Get the browser that prioritizes people over profits </b>Itâ€™s a new era in tech. Donâ€™t settle for a browser made by unethical, profit-driven, data-hoarding companies. By choosing Firefox, you support the non-profit Mozilla Foundation whose mission is to build a better internet â€” one that puts individual and public benefit over commercial profit. <b>What Firefox offers:</b><b> âœ” PRIVACY-FOCUSED BROWSING</b> â€¢ Automatic tracker blocking â€” By default, Firefox blocks trackers and scripts such as social media trackers, cross-site cookie trackers, crypto-miners and fingerprinters. â€¢ Enhanced tracking protection â€” Choose the â€œstrictâ€ setting and get even more privacy protections. â€¢ Private browsing mode â€” When you close private mode, your browsing history is automatically erased from your device. <b>âœ” EASY-TO-USE TABS</b>â€¢ Find what you want quickly â€” create as many tabs as you like without losing track. â€¢ See your open tabs as thumbnails or a list view.  â€¢ See tabs from your phone on your desktop and vice versa â€” or choose to keep them separate. <b>âœ” PASSWORD MANAGEMENT</b>â€¢ Log into sites easily â€” Firefox remembers your passwords across devices. â€¢ Firefox suggests passwords for new log-ins and stores them securely.<b>âœ” LIGHTNING-FAST PAGE LOADS </b>â€¢ Enhanced Tracking Protection automatically blocks online trackers from following you around the web and slowing down your pages. <b>âœ” TAILORED SEARCH OPTIONS</b>â€¢ Get suggestions and previously searched results in the search bar so you can quickly access the sites you visit most. â€¢ Move the search bar location from the top to the bottom of the screen, making it easier to use with one hand. â€¢ Use the Firefox search widget to search the web directly from your deviceâ€™s home screen. â€¢ See the recent searches youâ€™ve done on other devices for seamless searching across mobile, desktop and more.<b>âœ” CUSTOMIZE YOUR FIREFOX EXPERIENCE</b>â€¢ Get helpful add-on extensions, including ways to block ads, block certain webpages, turbo-charge privacy settings and more. <b>âœ” FIREFOX HOME SCREEN</b>â€¢ Access your recent bookmarks, top sites and see popular articles from across the internet, recommended by Pocket, which is part of Mozilla. <b>âœ” SAVE BATTERY WITH DARK MODE</b> Switch to dark mode any time, reducing eye strain and prolonging your battery power. <b>âœ” WATCH VIDEOS WHILE YOU MULTITASK</b> â€¢ Pop videos out of their webpages or players and pin them to the top of your phoneâ€™s screen to watch while you surf the web and do other things.<b> âœ” SHARE ANYTHING IN A FEW TAPS</b>â€¢ Share links to web pages or specific items on a page with easy, quick access to your most recently used apps. <b>LEARN MORE ABOUT FIREFOX WEB BROWSER</b> Read about Firefox permissions: http://mzl.la/Permissions - Stay in the know: https://blog.mozilla.org <b>ABOUT MOZILLA</b> Mozilla exists to build the internet as a public resource accessible to all because we believe open and free is better than closed and controlled. We build products like Firefox to promote choice and transparency and give people more control over their lives online. Learn more at https://www.mozilla.org. Privacy policy: http://www.mozilla.org/legal/privacy/firefox.html",https://play.google.com/store/apps/details?id=org.mozilla.firefox&hl=en&gl=ES,['Communication'],Mozilla,https://www.mozilla.org/firefox/mobile/,4.550787,5170252,"Oct 31, 2023",['EN'],Android,https://www.mozilla.org/privacy/firefox/,PEGI 3,0,100000000,None,[],[],[],[],[],[],[],[],[],[],[],[],[],[],[],[],[],[],[],[],[],[],[],[],[],[],[],[],[],[],[],[],[],[],[],[],[],[],[],[],[],[],[],[],[],[],[],[],[],['man'],[],2023-10-31
com.microsoft.bing,Bing: Chat with AI & GPT-4,"Bing is an ğ€ğˆ search engine powered by ğ†ğğ“-ğŸ’.Â Bing has taken the power of ğ†ğğ“-ğŸ’ in partnership with ğğ©ğğ§ğ€ğˆ and enhanced it with real-time information and citations.And it's ğŸğ«ğğ!!!Key Features:ğŸ” ğ€ğ§ ğ€ğˆ-ğ©ğ¨ğ°ğğ«ğğ ğ¬ğğšğ«ğœğ¡ ğğ§ğ ğ¢ğ§ğUnleash the power of ğ†ğğ“-ğŸ’ in your searches to get straight to your answer instead of scrolling through endless links.Bing will come back with a relevant, sourced summary to save your time and effort.ğŸ–Š ğ€ ğ†ğğ“-ğŸ’ ğ©ğ¨ğ°ğğ«ğğ ğ°ğ«ğ¢ğ­ğ¢ğ§ğ  ğšğ¬ğ¬ğ¢ğ¬ğ­ğšğ§ğ­- Write an email- Create a 5-day itinerary for a dream vacation to Hawaii- Prepare for a job interview- Design a quiz for trivia night- Craft poems- Compose rap lyrics- Weave tales with easeÂ ğŸ˜Š ğ€ ğœğ«ğğšğ­ğ¢ğ¯ğ ğ¢ğ¦ğšğ ğ ğ ğğ§ğğ«ğšğ­ğ¨ğ«Just dream it, type it, and let Bing create gorgeous images for ğ…ğ‘ğ„ğ„.âœï¸ ğ€ğ§ ğšğœğœğ®ğ«ğšğ­ğ ğ¥ğšğ§ğ ğ®ğšğ ğ ğ­ğ«ğšğ§ğ¬ğ¥ğšğ­ğ¨ğ« ğšğ§ğ ğ¨ğ©ğ­ğ¢ğ¦ğ¢ğ³ğğ«Translate multiple languages.Proofread and optimize content in various languages. All using ğ†ğğ“-ğŸ’.ğŸ—¨ ğ€ ğŸğšğ¢ğ­ğ¡ğŸğ®ğ¥ ğšğ§ğ ğ«ğğ¥ğ¢ğšğ›ğ¥ğ ğ€ğˆ-ğ©ğ¨ğ°ğğ«ğğ ğœğ¨ğ©ğ¢ğ¥ğ¨ğ­Understand your intent and provide accurate information.Personalize responses base on your preferences and previous interactions.Tell jokes, create stories, and even play games with you.Experience the safest, most powerful way to search, chat, and find inspiration in a single app. Built on the power of ğ†ğğ“-ğŸ’.DOWNLOAD BING TODAY!",https://play.google.com/store/apps/details?id=com.microsoft.bing&hl=en&gl=ES,['Tools'],Microsoft Corporation,https://www.bing.com,4.6579804,714766,"Oct 31, 2023",['EN'],Android,https://go.microsoft.com/fwlink/?LinkID=248686,PEGI 3,0,10000000,None,[],[],[],[],[],[],[],[],[],[],[],[],[],[],[],[],[],[],[],[],[],[],[],[],[],[],[],[],[],[],[],[],[],[],[],[],[],[],[],[],[],[],[],[],[],[],[],[],[],[],[],2023-10-31
com.proximabeta.mf.uamo,Arena Breakout,"Hi Players: Arena Breakout SEASON 2 IS NOW LIVE! In the Battle for the Port update, explore a new map set in Guoyapos Bay City, once the largest naval base in the Dark Zone. Across the wartorn remnants of Kamona, get ready for hazardous raids and high-stakes extraction!Arena Breakout is a next-gen immersive tactical FPS, and a first-of-its-kind extraction looter shooter that pushes the limits of war simulation on mobile. Strategy and tactics are just as crucial as skill and raw firepower. Your mission as a professional operator is to get into the Dark Zone, complete missions, and defeat the enemy using any means necessary. Acquire loot, extract to safety, and get rich while you're doing it!** NEW MAP - PORT ** Welcome to Guoyapos Bay! Explore the city and wage urban warfare in this now desolate no man's land. Within the narrow streets and alleys lies the cruel line between life and death. Intense combat in the streets lurks around every corner. ** NEW WEAPONS **Ready up with all new weaponry! Get ready to pack some heat with a devastating shotgun, revolver and an arsenal of assault rifles including the AN94, AEK, and ACE31. ** NEW MODE - STORM WARNING **Experience intense weather and brave the elements! The fog of war becomes all too real in this mode, and something in the mist will make your skin crawl.** SHOOT, LOOT AND BREAKOUT FOR VICTORY **Stake your claim by emerging victorious, securing all the valuable loot. The true path to victory lies in plotting your breakout, not just in eliminating opponents. In Arena Breakout, high stakes mean high rewards. Put boots to the ground and seize whatâ€™s yours in an all-or-nothing war simulation made for mobile.** ULTIMATE GUNSMITH AND REALISTIC GUNPLAY **Create personalized firearms from over 700+ unique attachments. Experience ultra realistic gunplay in a realistic environment. Volumetric cloud tech and over 1,200+ sound effects deliver a truly console-quality experience on mobile.Please note that your feedback will be processed by the Arena Breakout team for improving the game, responding to you, and/or providing support and troubleshooting, such as addressing and remediating technical issues and bugs.To share feedback or for more information, please visit:Official Website: https://arenabreakout.com/Instagram: https://www.instagram.com/arenabreakoutglobal/Twitter: https://twitter.com/Arena__BreakoutYoutube:  https://www.youtube.com/@ArenaBreakoutDiscord: https://discord.gg/arenabreakoutFacebook: https://www.facebook.com/ArenaBreakoutTwitch: https://www.twitch.tv/arenabreakoutmobileTiktok:  https://tiktok.com/@arenabreakoutglobal",https://play.google.com/store/apps/details?id=com.proximabeta.mf.uamo&hl=en&gl=ES,['Action'],Level Infinite,https://arenabreakout.com,4.5465994,368786,"Oct 19, 2023",['EN'],Android,https://arenabreakout.com/privacypolicy.html,PEGI 16,0,10000000,â‚¬0.29 - â‚¬99.99 if billed through Play,[],[],[],[],[],[],[],[],[],[],[],[],[],['liver'],[],[],[],[],[],[],[],[],[],[],[],[],[],[],[],[],[],[],[],[],[],[],[],[],[],[],[],[],[],[],[],[],[],[],[],['man'],[],2023-10-19
com.openai.chatgpt,ChatGPT,"OpenAIâ€™s latest advancements at your fingertips.This official app is free, syncs your history across devices, and brings you the newest model improvements from OpenAI.With ChatGPT in your pocket, youâ€™ll find:Â· Instant answersÂ· Tailored adviceÂ· Creative inspirationÂ· Professional inputÂ· Learning opportunitiesJoin millions of users and try out the app thatâ€™s been captivating the world. Download ChatGPT today.Terms of service & privacy policy:https://openai.com/policies/terms-of-usehttps://openai.com/policies/privacy-policy",https://play.google.com/store/apps/details?id=com.openai.chatgpt&hl=en&gl=ES,['Productivity'],OpenAI,https://help.openai.com,4.64433,205382,"Nov 03, 2023",['EN'],Android,https://openai.com/privacy,PEGI 12,0,10000000,â‚¬21.99 if billed through Play,[],[],[],[],[],[],[],[],[],[],[],[],[],[],[],[],[],[],[],[],[],[],[],[],[],[],[],[],[],[],[],[],[],[],[],[],[],[],[],[],[],[],[],[],[],[],[],[],[],[],[],2023-11-03
com.datacamp,DataCamp: Data Science and AI,"Learn the worldâ€™s most in-demand data science and AI skills with DataCamp for Mobile.DataCamp is for all levels and is used by 12M learners globally. Whether youâ€™re a seasoned practitioner or youâ€™ve never written a line of code, build essential skills across Python, ChatGPT, R, SQL, and more through interactive, bite-sized exercises. Start learning for free with just five minutes a day:â€¢ Introduction to ChatGPT: Donâ€™t stay in beginner mode. Explore the power of AI through text summarization, drafting high-quality marketing content, generating and explaining code, and more. Start applying your AI skills in the real world today.â€¢ All Opening Course Chapters are Free: Dive into the language of data with universal free chapters across data science, machine learning, data visualization, data engineering, and cloud computing.â€¢ Learn Python from Scratch: Begin your data science journey with the worldâ€™s most popular programming language with free lessons and in-app coding exercises.â€¢ Master SQL: Develop your data analyst skills with our expert-led  SQL curriculum. Learn relational databases, SQL joins, and data analysis in PostgreSQL.â€¢ R Basics: Discover data science with R; unleash the power of the tidyverse, data visualization, and much more.Why DataCamp Mobile?â€¢ AI-Assisted and Personal Feedback: Learn from your mistakes and reinforce new skills faster with our instant feedback loop.â€¢ Knowledge Retention: Save everything you learn in your personal library, complete with flashcards for easy review.â€¢ Convenient and Fun: Bespokely designed to help you build a habit while enjoying the learning experience.Want to explore big data? Check out the DataCamp Desktop for courses on Tableau, Power BI, spreadsheets, statistics, Shell, and Git.Read our Privacy Policy and Terms of Service at https://www.datacamp.com/terms-of-use/.Questions? Contact us at https://support.datacamp.com/. Start your data science journey today!",https://play.google.com/store/apps/details?id=com.datacamp&hl=en&gl=ES,['Education'],DataCamp,https://www.datacamp.com,4.821782,31103,"Oct 30, 2023",['EN'],Android,https://www.datacamp.com/privacy-policy,PEGI 3,0,1000000,â‚¬9.99 - â‚¬283.81 if billed through Play,[],[],[],[],[],[],[],[],[],[],[],[],[],[],[],[],[],[],[],[],[],[],[],[],[],[],[],[],[],[],[],[],[],[],[],[],[],[],[],[],[],[],[],[],[],[],[],[],[],['man'],[],2023-10-30
brychta.stepan.quantum_en,Quantum,"Did you know that there is a world where objects can be in thousands of places at once? A world where you cannot measure the exact position of an object, no matter how hard you try? A world where objects located at opposite ends of the universe can communicate instantly? A world where you cannot be sure of anything, since it is based purely on probability?Welcome to the world of quantum mechanics, undoubtedly the most interesting and controversial physical theory of all time!Quantum contains:â€¢ Intelligible explanation of the basic phenomena of quantum mechanics divided into 13 chaptersâ€¢ 60 test questions divided into 4 tests, where you can test your knowledge of quantum mechanics",https://play.google.com/store/apps/details?id=brychta.stepan.quantum_en&hl=en&gl=ES,['Education'],Å tÄ›pÃ¡n Brychta,https://stepanbrychta.com/,4.69,15657,"Jan 06, 2021",['EN'],Android,https://stepanbrychta.com/quantum-privacy-policy.html,PEGI 3,0,1000000,â‚¬1.09 - â‚¬10.99 if billed through Play,[],[],[],[],[],[],[],[],[],[],[],[],[],[],[],[],[],[],[],[],[],[],[],[],[],[],[],[],[],[],[],[],[],[],[],[],[],[],[],[],[],[],[],[],[],[],[],[],[],[],[],2021-01-06
cn.computernetworks.networks.networking.learn.toplogy.lan.wan,Computer Network Tutorials,"Build your skills in the Computer Networks. Become a Computer Networking master with this learning app. Learn the basics of Computer Networks or become an expert in networking with this best Computer Networks app. Learn networking and topologies for free with a one-stop learning app - â€œLearn Computer Networksâ€. If youâ€™re preparing for a Networking interview or just preparing for your upcoming coding test, this is a must have app for you.With the <b>Learn Computer Networks</b> app, you can find networking Tutorials, Programming Lessons, Programs, Questions & Answers and all that you need to either learn networking basics or to become a Computer Networks expert.With a wide collection of hundreds of programs (code examples) with comments,multiple questions and answers, all your programming learning needs are bundled in a single code learning app.What all you can learn with this networking tutor app?**************************APP FEATURES**************************With the â€œLearn Computer Networksâ€ app you can make code learning easy and fun.Here are the features that would make us your single choice to learn the Computer Networking -ğŸ’»Amazing collection of Computer Networks Tutorials chapter-wiseğŸ’»Questions & Answers in different categoriesğŸ’»Important Exam QuestionsğŸ’»Tutorials for Beginners or Experts at Computer Networksâ€œLearn Computer Networksâ€ app has a really simple and intuitive user interface. It isthe best app to let you learn the Computer Networking for free. So, what are you waiting for? Download the app now to become an expert at Computer Networks.If you have any feedback for us, please write us an email and we will be happy tohelp you out. If you have liked any feature of this app, feel free to rate us on playstore and share with other friends.",https://play.google.com/store/apps/details?id=cn.computernetworks.networks.networking.learn.toplogy.lan.wan&hl=en&gl=ES,['Education'],Coding and Programming,https://programminghub.io,4.75,4704,"Oct 16, 2023",['EN'],Android,https://programminghub.io/privacy,PEGI 3,0,500000,â‚¬3.89 - â‚¬174.99 if billed through Play,[],[],[],[],[],[],[],[],[],[],[],[],[],[],[],[],[],[],[],[],[],[],[],[],[],[],[],[],[],[],[],[],[],[],[],[],[],[],[],[],[],[],[],[],[],[],[],[],[],[],[],2023-10-16
com.PlanetaryLightworkersTech.KrystalStarTesseract,Quantum Frequency Technologies,"Quantum Frequency Technologies is a set of Sound healing frequency tools and technologies designed to accelerate the evolutionary growth, attainment, and clarity of all. We have meticulously designed our app to serve as a gateway to profound states of meditation, integrating the harmonizing frequencies of our quantum technology. Through immersive soundscapes, guided journeys, and personalized meditation playlist experiences, individuals can access altered states of consciousness, unlocking the depths of their being and expanding their awareness.Activating Sound Frequencies, Brain Wave Entrainment, Star Healing, Scaler Energy, Radionics, Holographic Healing Tools, Neuroscience, Light code Mapping, Isochronic Tones, Binaural Rythyms, pure Plasma & an internal Biofeedback System that Communicates Directly withYour higher Intelligence consciousness.Relax, meditate and gain focus.Supercharge your spiritual journey.Lift the vibration of negatively affected areas around the globe.Assist metaphysical practitioners with their Healing Work.Provide Self-Care treatment for All Via Frequency Sound Healing.Please see Website for more details!www.Oniesha.comÂ©2018-2023 Quantum Frequency TechnologiesContact: interface@qftnexus.comNew Privacy Policy Effective 05/22/23http://www.oniesha.com/privacy-policy.html** Please Note** This App is very big in Size and it requires a Newer Phone or Device to work properly.",https://play.google.com/store/apps/details?id=com.PlanetaryLightworkersTech.KrystalStarTesseract&hl=en&gl=ES,['Health & Fitness'],ONIESHA LLC,http://www.QuantumFrequencyTechnologies.com,4.4444447,1754,"Aug 27, 2023",['EN'],Android,http://www.quantumfrequencytechnologies.com/privacy-policy.html,PEGI 3,0,100000,â‚¬31.99 - â‚¬159.99 if billed through Play,[],[],[],[],[],[],[],[],[],[],[],[],[],[],[],[],[],[],[],[],[],[],[],[],[],[],[],[],[],[],[],[],[],[],[],['meditation'],[],[],[],[],[],[],[],[],[],[],[],[],[],[],[],2023-08-27
com.OneGameCompany.TheBoneextraccion,Quantum Casters,"What's new? - Register at www.quantumcasters.com for a free reward at launch. - Open Obeta launch on May 1, 2023. - The Bone was a protocol. The real name is Quantum Casters - Join your local Recruitment Center today! Find it at  www.quantumcasters.com________________Become a Quantum Warrior: - Fight in real life with powers using augmented reality. Up to 8 players in different game modes such as 1 vs. 1 duels, Battle Royal, or 4 vs. 4 with objectives like Capture the Flag or Conquest. - Use your newly discovered powers to gain an advantage in combat and become the ultimate Quantum Warrior.Explore the real world to find all kinds of powers: - Explore the world around you and find new powers. Discover hidden secrets in the real world using your camera and augmented reality. - Defeat these powers, extract them, learn to use them, and collect them all to become stronger.Gain experience and level up: - Gain experience by fighting other players or discovering new powers. - Level up your profile to become more powerful and unlock new technologies. - Use the alchemy station to level up your powers using all kinds of quantum resources you obtain by combating other players or exploring the world.Join your local community: - Recruitment Centers are opening all over the world. Places where recruits gather and organize to have matches, tournaments, trading sessions, and more! - Join your local community today or start your own at www.quantumcasters.comPractice your tactics in the combat simulator: - Test all your powers and strategies in the combat simulator. In this online multiplayer arena, you control a Nerea (a robot) while combat other recruits online. - Use the simulator to practice your tactics and gain an advantage in real-life combat.Quantum Casters is a unique and immersive experience that combines augmented reality, real-life exploration, and multiplayer combat online and in real-life. It's the perfect experience for those who love exploring, battling,  collecting, and having real-life powers. Are you ready to become a Quantum Warrior and explore the Quantum World? Download Quantum Casters now!___________________Notes - There is no harm or physical contact at any moment. All powers function through AR (Augmented Reality.).- Quantum Casters is free-to-play, no pay-to-win and offers in-game purchases.It is optimized for smartphones, not tablets.- Application may not run on certain devices even if compatible OS versions are installed. Some phones' hardware needs more Augmented Reality Capabilities. - Playing while connected to a network is recommended.- Compatibility information may be changed at any time.- Please visit QuantumCasters.com for additional compatibility information.**Information current as of March 1, 2023.",https://play.google.com/store/apps/details?id=com.OneGameCompany.TheBoneextraccion&hl=en&gl=ES,['Action'],OneGameStudio,https://www.quantumcasters.com/,3.2222223,288,"Jul 21, 2023",['EN'],Android,https://www.thebonegame.com/adp,PEGI 3,0,10000,â‚¬1.19 - â‚¬99.99 if billed through Play,[],[],[],[],[],['bone'],[],[],[],[],[],[],[],[],[],[],[],[],[],[],[],[],[],[],[],[],[],[],[],[],[],[],[],[],[],[],[],[],[],[],[],[],[],[],[],[],[],[],[],[],[],2023-07-21
com.Evert.QuantumTicTacToe,Quantum TiqTaqToe,"Quantum TicTacToe is a fun game to explore quantum physics concepts. On top of classical TicTacToe you can turn up the quantumness to enable new moves! Put your squares in superpositions or entangle them with other squares, and what you thought was a lost game might just turn out to be a win. By playing the Quantum version of TicTacToe, you will be able to build intuition for the strangeness of the quantum realm.Unlock the full version to get access to a stronger quantum AI, to remove ads in between games, and... get access to online play so you can play with your friends remotely!If you're interested in using Quantum TiqTaqToe for educational purposes, please contact me.",https://play.google.com/store/apps/details?id=com.Evert.QuantumTicTacToe&hl=en&gl=ES,['Educational'],Evert van Nieuwenburg,https://www.quantumtictactoe.com,4.1666665,57,"Nov 30, 2021",['EN'],Android,https://termsfeed.com/privacy-policy/fb61e4cabf369d69b7768a0445403b9b,PEGI 3,0,1000,â‚¬1.79 if billed through Play,[],[],[],[],[],[],[],[],[],[],[],[],[],[],[],[],[],[],[],[],[],[],[],[],[],[],[],[],[],[],[],[],[],[],[],[],[],[],[],[],[],[],[],[],[],[],[],[],[],[],[],2021-11-30
com.ibm.research.helloquantum,Hello Quantum,"You think quantum computing is hard?  Maybe, maybe not, or maybe both at the same time?  Explore the building blocks of quantum mechanics in a series of puzzles.    The rules of how to play Hello Quantum are easy to pick up, yet tricky to perfect.  But by mastering them, you'll be learning key behaviors in the mysterious world of quantum mechanics to progress forward. Made with love by IBM Q and University of Basel",https://apps.apple.com/es/app/hello-quantum/id1378385003?uo=4,"['Juegos', 'Puzle', 'EducaciÃ³n']",IBM,http://ibm.biz/helloquantum,5,3,"Jun 09, 2020",['EN'],iOS,None,4+,0.0,0.0,None,[],[],[],[],[],[],[],[],[],[],[],[],[],[],[],[],[],[],[],[],[],[],[],[],[],[],[],[],[],[],[],[],[],[],[],[],[],[],[],[],[],[],[],[],[],[],[],[],[],[],[],2020-06-09
com.quantoslearning.app,Quantos,"Everybody can understand quantum computing: Quantos is your beginner-friendly suite for learning about and programming quantum annealers!Quantos is designed to engage: inclusion, target group-diversification and interactivity are the focus of the learning experience. The platform is suitable for individual use as well as educational institutes and enterprises.",https://apps.apple.com/es/app/quantos/id6446584307?uo=4,"['EducaciÃ³n', 'Para desarrolladores']",Tamas Nemes,None,0,0,"Mar 23, 2023",['EN'],iOS,None,4+,0.0,0.0,None,[],[],[],[],[],[],[],[],[],[],[],[],[],[],[],[],[],[],[],[],[],[],[],[],[],[],[],[],[],[],[],[],[],[],[],[],[],[],[],[],[],[],[],[],[],[],[],[],[],[],[],2023-03-23
com.azoquantum.azoquantum,AZoQuantum,"The AZoQuantum App from www.azoquantum.com â€“ The A to Z of Quantum Science / Technology, represents the world of Quantum Sci / Tech in the palm of your hand. Designed for engineers, designers, scientists, students and the layman, indeed anyone with an interest in Quantum Sci / Tech, products, issues, equipment, applications and the latest news. Locate Quantum Sci / Tech suppliers from around the world leading www.azoquantum.com directory, browse or search over 7,000 Quantum news items and keep up to speed with the latest in related equipment from Atomic Force Microscopes, Lasers and Raman Instruments. Simple quick, convenient and easy access to find the answers to your quantum questions.",https://apps.apple.com/es/app/azoquantum/id862335024?uo=4,"['Referencia', 'Noticias']",AZoNetwork,http://www.azoquantum.com/mobile-app.aspx,0,0,"Jan 29, 2020",[],iOS,None,4+,0.0,0.0,None,[],[],[],[],[],[],[],[],[],[],[],[],[],[],[],[],[],[],[],[],[],[],[],[],[],[],[],[],[],[],[],[],[],[],[],[],[],[],[],[],[],[],[],[],[],[],[],[],[],['man'],[],2020-01-29
com.gametheories.Grover-s-algorithm,Grover's algorithm,This app shows the geometrical representation of Grover's algorithm. Red circle represents the target state. Feel quantum computing!,https://apps.apple.com/es/app/grovers-algorithm/id6450691269?uo=4,['EducaciÃ³n'],Sungjun Kim,https://sites.google.com/view/lov-kumar-grover,0,0,"Jun 30, 2023",['EN'],iOS,None,4+,0.0,0.0,None,[],[],[],[],[],[],[],[],[],[],[],[],[],[],[],[],[],[],[],[],[],[],[],[],[],[],[],[],[],[],[],[],[],[],[],[],[],[],[],[],[],[],[],[],[],[],[],[],[],[],[],2023-06-30
com.gametheories.quantum-gates,quantum gates,"This app shows how quantum gates work. Red, green, and blue circles represent the quantum states of three qubits respectively. If you make three circles align, you will get some score. Feel quantum gates!",https://apps.apple.com/es/app/quantum-gates/id6451081177?uo=4,['Juegos'],Sungjun Kim,https://sites.google.com/view/wolfgang-pauli,0,0,"Aug 22, 2023",['EN'],iOS,None,4+,0.0,0.0,None,[],[],[],[],[],[],[],[],[],[],[],[],[],[],[],[],[],[],[],[],[],[],[],[],[],[],[],[],[],[],[],[],[],[],[],[],[],[],[],[],[],[],[],[],[],[],[],[],[],[],[],2023-08-22
com.gametheories.quBit-in-2D,quBit in 2D,This app shows the two dimensional representation of Bloch sphere. Bloch sphere represents the state of the single qubit. Feel quantum!,https://apps.apple.com/es/app/qubit-in-2d/id6450132499?uo=4,['EducaciÃ³n'],Sungjun Kim,https://sites.google.com/view/felixbloch,0,0,"Jun 12, 2023",['EN'],iOS,None,4+,0.0,0.0,None,[],[],[],[],[],[],[],[],[],[],[],[],[],[],[],[],[],[],[],[],[],[],[],[],[],[],[],[],[],[],[],[],[],[],[],[],[],[],[],[],[],[],[],[],[],[],[],[],[],[],[],2023-06-12
fi.algorithmiq.qcards2d,QCards Online,"Mobile multiplayer version of the tabletop card game Q|Cards>, originally conceived at the Quantum Wheel 2019 - game jam.Try to flip the state of your quantum bit (qubit) to |1> while keeping the state of your opponents' as close to |0> as possible. Each card represents a real quantum gate - an operation possible only in quantum physics.",https://apps.apple.com/es/app/qcards-online/id1575238389?uo=4,"['Juegos', 'Cartas', 'SimulaciÃ³n']",Algorithmiq Oy,None,0,0,"Apr 01, 2022",['EN'],iOS,None,4+,0.0,0.0,None,[],[],[],[],[],[],[],[],[],[],[],[],[],[],[],[],[],[],[],[],[],[],[],[],[],[],[],[],[],[],[],[],[],[],[],[],[],[],[],[],[],[],[],[],[],[],[],[],[],[],[],2022-04-01
com.gametheories.qFt,qFt,This app represents quantum Fourier transform for five qubits. You can see the state of each qubit for every single step on quantum Fourier transform.,https://apps.apple.com/es/app/qft/id6468220822?uo=4,['EducaciÃ³n'],Sungjun Kim,https://sites.google.com/view/paul-dirac-physics,0,0,"Oct 05, 2023",['EN'],iOS,None,4+,0.0,0.0,None,[],[],[],[],[],[],[],[],[],[],[],[],[],[],[],[],[],[],[],[],[],[],[],[],[],[],[],[],[],[],[],[],[],[],[],[],[],[],[],[],[],[],[],[],[],[],[],[],[],[],[],2023-10-05
com.gametheories.Bernstein-Vazirani-algorithm,Bernstein-Vazirani algorithm,This app represents the quantum circuit for Bernstein-Vazirani algorithm. Hidden number goes from 0 to 63.,https://apps.apple.com/es/app/bernstein-vazirani-algorithm/id6457204574?uo=4,['EducaciÃ³n'],Sungjun Kim,https://sites.google.com/view/ludwig-wittgenstein-language,0,0,"Aug 03, 2023",['EN'],iOS,None,4+,0.0,0.0,None,[],[],[],[],[],[],[],[],[],[],[],[],[],[],[],[],[],[],[],[],[],[],[],[],[],[],[],[],[],[],[],[],[],[],[],[],[],[],[],[],[],[],[],[],[],[],[],[],[],[],[],2023-08-03
com.kappsmart.quantumcompiler,Quantum Programming Compiler,"Write quantum codes directly on your iPhone, iPad and iPod Touch! This app is ideal for learning and testing code snippets!Quantum computing is touted as the next big thing in the computer revolution! The app allows you to learn and program in quantum! It is intended for anybody who has at least some basic programming skills. The tutorials are designed for beginners as well as professionals. The app uses the QISKit SDK and simulator (https://github.com/Qiskit/) licensed under Apache 2.0. Coding is done in Python 3.7.Features:- Compile and run your quantum program- Supports plotting and graphing- View program output or detailed error- Custom keyboard for easy input of frequently used characters- Optimized for connecting with external physical/bluetooth keyboard- Source code editor with syntax highlighting and line numbers- Open, save, import and share source files.- Easy and advanced tutorialsLimitations:- Internet connection is required for compilation- Maximum program running time is 20s- It is recommended to use no more than 8 qubitsGET FULL ACCESSUpgrade to a Premium Membership and Receive the Following Ongoing Value:â€¢ No adsâ€¢ Unlimited plotsâ€¢ Install packagesâ€¢ Latest interpretersIf you choose to purchase a subscription, payment will be charged to your iTunes account, and your account will be charged within 24-hours prior to the end of the free trial or current period. Subscription with a free trial period will automatically renew to a paid subscription. Any unused portion of a free trial period (if offered) will be forfeited when you purchase a premium subscription during the free trial period. You can cancel the automatic renewal of your subscription at any time by going to your settings in the iTunes store after purchase. The cancellation will take effect the day after the last day of the current subscription period, and you will be downgraded to the free service.Terms & Conditions: https://kappsmart.com/quantumcompiler/terms.htmlPrivacy Policy: https://kappsmart.com/quantumcompiler/privacy_policy.html",https://apps.apple.com/es/app/quantum-programming-compiler/id1337663853?uo=4,"['Productividad', 'Utilidades']",Ketan Appa,http://kappsmart.com/quantumcompiler/,0,0,"Oct 01, 2023",['EN'],iOS,None,4+,0.0,0.0,None,[],[],[],[],[],[],[],[],[],[],[],[],[],[],[],[],[],[],[],[],[],[],[],[],[],[],[],[],[],[],[],[],[],[],[],[],[],[],[],[],[],[],[],[],[],[],[],[],[],[],[],2023-10-01
com.gametheories.phase-estimation-algorithm,phase estimation algorithm,This app represents phase estimation algorithm with five qubits. You can understand the every single detail of phase estimation algorithm.,https://apps.apple.com/es/app/phase-estimation-algorithm/id6469448415?uo=4,['EducaciÃ³n'],Sungjun Kim,https://sites.google.com/view/alexeikitaev,0,0,"Oct 22, 2023",['EN'],iOS,None,4+,0.0,0.0,None,[],[],[],[],[],[],[],[],[],[],[],[],[],[],[],[],[],[],[],[],[],[],[],[],[],[],[],[],[],[],[],[],[],[],[],[],[],[],[],[],[],[],[],[],[],[],[],[],[],[],[],2023-10-22
com.shreyasnisal.qlogic,QLogic,"Want to enter the world of quantum computing without making things too complicated? Solve these exciting puzzles to get to know about this new field, and development of algorithms in quantum computing.QLogic offers a series of puzzles with quantum-bits, the building blocks of quantum computers. Use your tools, the quantum logic gates, to solve these puzzles and at the same time learn about how circuits are made for quantum algorithms.Get into a superposition of confused and not confused while you scratch your head and try to get the 3-star, least move solution to the puzzles!",https://play.google.com/store/apps/details?id=com.shreyasnisal.qlogic&hl=en&gl=ES,['Puzzle'],Nisal,https://shreyasnisal.com,0.0,0,"Aug 20, 2023",['EN'],Android,https://sites.google.com/view/qlogic-privacy-policy/home,PEGI 3,0,10,None,[],[],[],[],[],[],[],[],[],[],[],[],[],[],[],[],[],[],[],[],[],[],[],[],[],[],[],[],[],[],[],[],[],[],[],[],[],[],[],[],[],[],[],[],[],[],[],[],[],[],[],2023-08-20
com.gametheories.qTel,qTel,"This app shows how quantum teleportation works. The state of the first qubit is determined by five operators: X, Y, Z, H, U. This state is transferred to the third qubit at the end of all operations on the circuit. The state of three qubits at each step is shown in the box.",https://apps.apple.com/es/app/qtel/id6465694859?uo=4,['EducaciÃ³n'],Sungjun Kim,https://sites.google.com/view/steven-weinberg,0,0,"Sep 11, 2023",['EN'],iOS,None,4+,0.0,0.0,None,[],[],[],[],[],[],[],[],[],[],[],[],[],[],[],[],[],[],[],[],[],[],[],[],[],[],[],[],[],[],[],[],[],[],[],[],[],[],[],[],[],[],[],[],[],[],[],[],[],[],[],2023-09-11
com.quantumworkplace.quantumworkplace,Quantum Workplace,"Quantum Workplace provides an all-in-one employee engagement software that makes managers the central drivers of workplace culture. Serving more than 8,700 organizations, Quantum Workplaceâ€™s technology gives team leaders direct access to employee feedback and personalized real-time insights, so they can better serve their teams.Above all, we believe in making work better every day at your workplace and ours.",https://play.google.com/store/apps/details?id=com.quantumworkplace.quantumworkplace&hl=en&gl=ES,['Business'],Quantum Workplace,https://www.quantumworkplace.com,0.0,0,"Nov 22, 2022",['EN'],Android,https://www.quantumworkplace.com/privacy-policy,PEGI 3,0,1000,None,[],[],[],[],[],[],[],[],[],[],[],[],[],[],[],[],[],[],[],[],[],[],[],[],[],[],[],[],[],[],[],[],[],[],[],[],[],[],[],[],[],[],[],[],[],[],[],[],[],['man'],[],2022-11-22
hu.hexadecimal.quantum,Quantum Computing,"A software for Android that emulates the actions of a quantum computer <i>essentially a quantum computer simulator with limited functionality</i>It's main purpose is to enable testing to everyone, even on the go. Since this app is only an emulator, it can show the position of the qubits on the bloch sphere. This app can also show the statevector of the system (in probability mode) and the final unitary gate will also be accessible soon. The limit is only the computing power of your device!<b>Help testing and join the beta program for new functionality!</b>You can apply any matrices to your qubits as long as they are member of the group SU(n) â€“ they have to be unitary and have to have a unit determinant.<b>About the backend</b>The application uses a home-made backend for simulating quantum circuits. It does not <i>yet</i> work with noise. The backend is written in Java and the entire source code can be found on GitHub at <i>hexadec/Quantum</i>  Please be aware that the qubit order in this application is <i>Big-Endian</i>, meaning that in a multi-qubit gate always the first parameter is the last bit in the statevector, whereas some other well-known system are <i>Little-Endian</i>, thus most multi-qubit gate matrices need conversion!<b>Main features</b>â€¢â€ƒAt most 10 qubitsâ€¢â€ƒGates with at most 4 qubitsâ€¢â€ƒExtremely high number of shots (up to 2^20)â€¢â€ƒLots of predefined gatesâ€¢â€ƒGet results immediatelyâ€¢â€ƒExport resultsâ€¢â€ƒImport/Export gate sequence, export as OpenQASMâ€¢â€ƒTake the hermitian conjugate of any gateâ€¢â€ƒShow bloch sphere (for non-entangled qubits)â€¢â€ƒShow the statevector of the systemâ€¢â€ƒAuto and Opt-in circuit optimization<i>Predefined single qubit gates</i>â€¢â€ƒHadamardâ€¢â€ƒPauli-X/Y/Zâ€¢â€ƒS-gate & T-gate (phase-shift)â€¢â€ƒâˆšNOTâ€¢â€ƒIdentityâ€¢â€ƒU3 <i>Predefined multi qubit gates</i>â€¢â€ƒCNOT/CY/CZ (Controlled-Pauli)â€¢â€ƒControlled-S, Controlled-T and Controlled-Hadamard gatesâ€¢â€ƒControlled U3â€¢â€ƒSWAPâ€¢â€ƒToffoliâ€¢â€ƒFredkinâ€¢â€ƒQuantum Fourier Transform<i>Planned features</i>Create and run algorithms with loops and conditionsDisplay final unitary matrix for smaller circuitsVisualize multi-qubit states betterTranslators are welcomed at the GitHub repository:https://github.com/hexadec/Quantum/blob/master/app/src/main/res/values/strings.xml",https://play.google.com/store/apps/details?id=hu.hexadecimal.quantum&hl=en&gl=ES,['Education'],hex@dec,None,0.0,0,"Aug 01, 2021",['EN'],Android,None,PEGI 3,0,5000,None,[],[],[],[],[],[],[],[],[],[],[],[],[],[],[],[],[],[],[],[],[],[],[],[],[],[],[],[],[],[],[],[],[],[],[],[],[],[],[],[],[],[],[],[],[],[],[],[],[],[],[],2021-08-01
com.quantum.entanglement.scalar.subtle.energy,Quantum Scalar Energy,"Welcome to Quantum Scalar Energy - your ultimate destination for experiencing the world's most powerful silent scalar energy together with healing sounds and music. Our app is designed to help you tap into the subtle energy frequencies and scalar waves to promote holistic healing, positive energy, and spiritual growth.108 healing sounds Included FREE forever, including...- 34 Relax Melodies- 23 Real Animal Sounds- 17 Soothing Water Sounds- 16 City Sounds- 12 Brainwave Entrainment Frequencies- 6 Nature Sounds- 4 Spoken Sounds- 3 Baby Sounds- 3 White NoisesAlso includes 169 hours of powerful meditation music.. -11 tracks healing meditation music -12 tracks Buddha meditation music-10 tracks Natural meditation musicWith Quantum Healing Sounds, you can explore a wide range of energy healing techniques, including frequency healing, meditation, mindfulness, and chakra balancing. Our app features 108 free sounds that you can use to enhance your meditation practice, promote relaxation, and improve your overall well-being.Our sounds are designed using the latest scientific research on quantum physics, scalar energy, and subtle energy frequencies. We have carefully curated a collection of sounds that are optimized for promoting healing and positive energy.Whether you're new to energy healing or an experienced practitioner, Quantum Healing Sounds is the perfect app for you. Our user-friendly interface makes it easy to customize your experience and find the perfect sound for your needs.Download Quantum Healing Sounds today and experience the transformative power of scalar energy and subtle energy frequencies for yourself.Privacy Policy: https://www.termsfeed.com/live/519360f3-02dd-4b7b-a515-430ad48cf671",https://play.google.com/store/apps/details?id=com.quantum.entanglement.scalar.subtle.energy&hl=en&gl=ES,['Health & Fitness'],Quantum Meditation Frequency - PEMF Therapy,https://qicoil.com/,0.0,0,"Nov 03, 2023",['EN'],Android,https://www.termsfeed.com/live/519360f3-02dd-4b7b-a515-430ad48cf671,PEGI 3,0,1000,â‚¬5.49 - â‚¬54.99 if billed through Play,[],[],[],[],[],[],[],[],[],[],[],[],[],[],[],[],[],[],[],[],[],[],[],[],[],[],[],[],[],[],[],[],[],[],[],['meditation'],[],[],[],[],[],[],[],[],[],[],[],[],[],[],[],2023-11-03
com.qdot.quantummechanicsgriffiths,Quantum Mechanics Solutions,"Are you tired of solving probles of Introduction to Quantum Mechanics by David J. Griffiths? Is it hard to solve the problems of Quantum Mechanics by David J. Griffiths?DO NOT WORRY!We are introducing to you the solution manual of Quantum Mechanics by David J. Griffiths 3rd edition with free of cost!Salient features ğŸŒŸ ---- 1ï¸âƒ£ Minimal UI2ï¸âƒ£ Free to use3ï¸âƒ£ In build book viewer4ï¸âƒ£ Quality solutions5ï¸âƒ£ Dark mode enabledQuantum Mechanics Solutions is an Android app that offers a downloadable solution manual for the textbook ""Introduction to Quantum Mechanics."" With this feature, users can access a wide range of solved problems and exercises from the book, making it an invaluable study aid for students and researchers. The app's user-friendly interface allows for easy navigation and offline access to downloaded chapters. Additionally, it provides interactive resources such as simulations and visualizations to enhance understanding. Quantum Mechanics Solutions is a must-have tool for mastering quantum mechanics and problem-solving techniques.",https://play.google.com/store/apps/details?id=com.qdot.quantummechanicsgriffiths&hl=en&gl=ES,['Education'],Qdot,https://introduction-to-qm.surge.sh,0.0,0,"Jul 01, 2023",['EN'],Android,https://introduction-to-qm.surge.sh/policy.html,PEGI 3,0,100,None,[],[],[],[],[],[],[],[],[],[],[],[],[],[],[],[],[],[],[],[],[],[],[],[],[],[],[],[],[],[],[],[],[],[],[],[],[],[],[],[],[],[],[],[],[],[],[],[],[],['man'],[],2023-07-01
com.alpeon.quantumbiofeedback,Quantum Smart Alpeon,"Welcome to Quantum  Smart Alpeon. Quantum Smart Alpeon is designed to help balance your mind, body and soul using subtle sound vibrations and harmonic musical tones.By listening to these sound vibrations, your body will experience a sense of well-being and upliftment.Quantum Smart Alpeon is a company operating in Korea, China, and Japan and expanding globally. We welcome you to enjoy our products and services designed for your enjoyment and upliftment.In order to access Quantum Smart Alpeon please contact your upline or distributor. This app is not for the general public and access can only be granted by your upline.",https://play.google.com/store/apps/details?id=com.alpeon.quantumbiofeedback&hl=en&gl=ES,['Health & Fitness'],Alpeon LLC,http://alpeonllc.com/,0.0,0,"Jul 18, 2023",['EN'],Android,http://alpeonllc.com/,PEGI 3,0,500,None,[],[],[],[],[],[],[],[],[],[],[],[],[],[],[],[],[],[],[],[],[],[],[],[],[],[],[],[],[],[],[],[],[],[],[],[],[],[],[],[],[],[],[],[],[],[],[],[],[],[],[],2023-07-18
in.softecks.quantumcomputing,Quantum Computing,Get all the Details about Quantum Computing,https://play.google.com/store/apps/details?id=in.softecks.quantumcomputing&hl=en&gl=ES,['Education'],Softecks,http://www.softecks.in,0.0,0,"Oct 27, 2022",['EN'],Android,https://softecks.in/privacy_policy.htm,PEGI 3,0,1000,None,[],[],[],[],[],[],[],[],[],[],[],[],[],[],[],[],[],[],[],[],[],[],[],[],[],[],[],[],[],[],[],[],[],[],[],[],[],[],[],[],[],[],[],[],[],[],[],[],[],[],[],2022-10-27
com.github.mrdimosthenis.quantumpuzzlegenerator,Quantum Puzzle Generator,"Familiarize yourself with the basics of quantum computing by solving puzzles.The goal of the game is to find the combination of quantum logic gates from which the qubits need to pass, in order to achieve the desired quantum state.",https://play.google.com/store/apps/details?id=com.github.mrdimosthenis.quantumpuzzlegenerator&hl=en&gl=ES,['Puzzle'],Dimosthenis Michailidis,https://github.com/mrdimosthenis/QuantumPuzzleGenerator,0.0,0,"Feb 16, 2021",['EN'],Android,https://github.com/mrdimosthenis/QuantumPuzzleGenerator/blob/master/privacy_policy.md,PEGI 3,0,500,None,[],[],[],[],[],[],[],[],[],[],[],[],[],[],[],[],[],[],[],[],[],[],[],[],[],[],[],[],[],[],[],[],[],[],[],[],[],[],[],[],[],[],[],[],[],[],[],[],[],[],[],2021-02-16
nl.aery.quantumlife,Quantum Life,"Make the Impossible Possible and let the law of attraction work its Magic for you. Manifest your heart's desires effortlessly into reality and feel your inner power grow. Live your dream life with the world's first manifestation App that will align your subconscious mind with your heartâ€™s desires and eliminate your unconscious sabotage mechanisms. Learn how to manifest with grace, ease, and joy by world renowned experts like Holistic Medical Dr. and Quantum Life co-founder Dr. Roy Martina, author of 88 books and 8th Degree Black Belt in martial arts, co-founder Dr. Joy Martina, Psychic Psychologist and bestseller author and co-founder Janosh, the creator of sacred geometry activations that will align your left and right brain for congruency with your desired outcome. Choose what you want to manifest in your life and create your own personalized Quantum Movie from our vast library of videos, images and empowering affirmations and upload your own pictures and music.  Manifest more abundance, accelerated healing, health, success, fitness, vitality, weight loss, equanimity, inner power, friendships, career success, spiritual breakthroughs, and love into your life effortlessly. Become a happier, healthier, and better version of yourself with your personalized Quantum Movies. With the intuitive, easy to use Quantum Life App, you get the tools to create your completely personalized Quantum Movie with congruency enhancing affirmations that have a direct impact on your subconscious mind.  We help you find where you are subconsciously blocking yourself from achieving wealth, fitness, weight loss, healing, health, success, love, happiness, self-confidence, self-worth, inner power, spiritual growth and/or connection and eliminate those blocks permanently. This will help you unlock your highest potential and attract what you really deserve while becoming the best version of yourself. Each Quantum Movie starts with selecting the areas and topic(s) you want to improve on. We have questions to help you define where you currently are in your life and where your focus needs to be. You can further specify your desires within those main topics and then you choose the duration of your Quantum Movie and the empowering affirmations to support the creation process. A Quantum Movie can be as short as 5 minutes or last up to 8 hours (so you can use it while sleeping to create inceptions of your desired future into your dreams, a technique developed by Drs. Joy and Roy Martina). You can also have the empowering affirmations running in the background while working, walking, or exercising.  During the Quantum Movie you will first dive into a deep hypnotic trance with sacred geometrical activations made by world renowned expert, Janosh. This will help you open your unconscious mind to the Quantum Field and activate your pineal gland and make it easier for you to manifest your heartâ€™s desires into 3-Dimensional reality. After this short deep subliminal hypnotic trance, you will hear empowering affirmations synchronized with binaural beats and heart coherence inducing meditative music, customized photos and videos that suit your chosen topic(s).  You will feel, hear, see, and experience your desired future as if it is already your reality. By doing so you are creating precise alignment with the Quantum Field, which will manifest your dreams in the most effortless way (the law of resonance, also called the law of attraction). The Quantum Field follows the laws of resonance and effortlessness and must create the 3-Dimensional reality you resonate with. This is science not philosophy! Only a handful of people know how to take advantage of the laws of the Quantum Multiverse. Join us on this journey to find the best kept secrets and use them to your advantage.  Attract & Manifest Magic and Make the Impossible Possible!",https://play.google.com/store/apps/details?id=nl.aery.quantumlife&hl=en&gl=ES,['Health & Fitness'],Quantum Life,https://www.quantumlife.app,0.0,0,"Sep 22, 2023",['EN'],Android,https://quantumlife.app/privacy-policy,PEGI 3,0,1000,â‚¬11.99 - â‚¬74.99 if billed through Play,[],[],[],[],[],[],[],[],[],[],[],[],[],[],[],[],[],[],[],[],[],[],[],[],[],[],[],[],[],[],[],[],[],[],[],[],[],[],[],[],[],[],[],[],[],[],[],[],[],['man'],[],2023-09-22
au.com.linkforce.field,Quantum Field,"Field is a partner application to the Quantum software product that allowsthe in-field capture of project data from Supervision, Leadership and supporting roles.  The applicationhas been optimised for both mobile and tablet use with off-line capabilities for project execution in remote areas.",https://play.google.com/store/apps/details?id=au.com.linkforce.field&hl=en&gl=ES,['Business'],Linkforce,https://www.linkforce.com.au,0.0,0,"May 01, 2023",['EN'],Android,https://www.linkforce.com.au/privacy-statement,PEGI 3,0,500,None,[],[],[],[],[],[],[],[],[],[],[],[],[],[],[],[],[],[],[],[],[],[],[],[],[],[],[],[],[],[],[],[],[],[],[],[],[],[],[],[],[],[],[],[],[],[],[],[],[],[],[],2023-05-01
com.mec.bilingual_physics_dictionary,Atomic and Quantum Physics,An English-Arabic Bilingual Physics Dictionary for Students,https://play.google.com/store/apps/details?id=com.mec.bilingual_physics_dictionary&hl=en&gl=ES,['Education'],Rawat Al Makan,https://rawatmakan.com,0.0,0,"May 19, 2023",['EN'],Android,https://mec.edu.om/en/privacy-policy-2,PEGI 3,0,500,None,[],[],[],[],[],[],[],[],[],[],[],[],[],[],[],[],[],[],[],[],[],[],[],[],[],[],[],[],[],[],[],[],[],[],[],[],[],[],[],[],[],[],[],[],[],[],[],[],[],[],[],2023-05-19
com.chebilaziz.quantuminafrica,Quantum For Everyone,"Quantum For Everyone aims to give a high-level understanding of quantum computing to high schoolers, undergraduates & graduates. Quantum For Everyone talks about the need for quantum computing to solve our modern worldâ€™s problems and gives an introductory class to quantum mechanics by describing four quantum properties: superposition, interference, entanglement,& measurement.Moreover, it explains the different types of qubits and how can we manufacture each one of them ( superconducting, trapped ions, photonic, etcâ€¦).Furthermore, it gives insights into the different quantum gates that act on a single qubit or two qubits and even three qubits. Lastly, it explains famous quantum algorithms like Shorâ€™s Algorithm & Groverâ€™s algorithm, and famous quantum protocols like Quantum Teleportation & Quantum Key Distribution.",https://play.google.com/store/apps/details?id=com.chebilaziz.quantuminafrica&hl=en&gl=ES,['Education'],Aziz Chebil,None,0.0,0,"Mar 27, 2023",['EN'],Android,https://github.com/Aziz-Chebil/QuantumInAfrica-Privacy/blob/main/privacy-policy.md,PEGI 3,0,100,None,[],[],[],[],[],[],[],[],[],[],[],[],[],[],[],[],[],[],[],[],[],[],[],[],[],[],[],[],[],[],[],[],[],[],[],[],[],[],[],[],[],[],[],[],[],[],[],[],[],['man'],[],2023-03-27
com.codeworld.learnquantumphysics,Learn Quantum Physics,"Learn Quantum Physics app is designed for students as well as research & teaching professionals. It almost all topics of Learn Quantum Physics are the clear and easy to understand. Quantum physics is the study of matter and energy at the most fundamental level. It aims to uncover the properties and behaviors of the very building blocks of nature.Learn Quantum Physics underlies how atoms work, and so why chemistry and biology work as they do. You me and the gatepost at some level at least, weâ€™re all dancing to the quantum tune. If you want to explain how electrons move through a computer chip, how photons of light get turned to electrical current in a solar panel or amplify themselves in a laser, or even just how the sun keeps burning, youâ€™ll need to use quantum physics.Quantum mechanics is a fundamental theory in Quantum Physics that provides a description of the physical properties of nature at the scale of atoms and subatomic particles. It is the foundation of all quantum physics including quantum chemistry, quantum field theory, quantum technology, and quantum information science.Physics is the natural science that studies matter, its fundamental constituents, its motion and behavior through space and time, and the related entities of energy and force. Physics is one of the most fundamental scientific disciplines, with its main goal being to understand how the universe behaves.<b>Topics</b>- Introduction.- The Fundamental Interactions.- Applications Of Quantum Theory.- The Quantum of Action.- Quantum Imaging.- Grand Unification.- Quantum Mechanics.- Quantum Information Technology.- Quantum Lights and Solids.- The Fundamental Particles.- Interpreting Quantum Physics.- Alternate Interpretations.- The Completeness of Quantum Physics.- The Copenhagen Interpretation.- Matter Waves Matter.- Particle Spin.- Quantum Wave Mechanics.- Entanglement.- Light As A Wave.- Light As Particles.- The Principle Of Quantum Physics.- The Uncertainty Principle.- Wave Particle Duality.Learn Quantum mechanics is the body of scientific laws that describe the wacky behavior of photons, electrons and the other particles that make up the universe. Learn Quantum mechanics is the branch of physics relating to the very small. It results in what may appear to be some very strange conclusions about the physical world.<b>What is Quantum Physics</b>Quantum Physics the branch of physics concerned with quantum theory. Physicists are exploring the potential of quantum science to transform our view of gravity and its connection to space and time. Quantum science may even reveal how everything in the universe (or in multiple universes) is connected to everything else through higher dimensions that our senses cannot comprehend.If you like this Learn Quantum Physics app then please, leave a comment and qualify with 5 stars â˜…â˜…â˜…â˜…â˜…. Thanks",https://play.google.com/store/apps/details?id=com.codeworld.learnquantumphysics&hl=en&gl=ES,['Education'],CODE WORLD,https://fbadstxt.blogspot.com,0.0,0,"Jan 26, 2023",['EN'],Android,https://www.app-privacy-policy.com/live.php?token=HCeqNGDFSvlvleiKzxZIi2Os1XtxN0T0,PEGI 3,0,5000,None,[],[],[],[],[],[],[],[],[],[],[],[],[],[],[],[],[],[],[],[],[],[],[],[],[],[],[],[],[],[],[],[],[],[],[],[],[],[],[],[],[],[],[],[],[],[],[],[],[],[],[],2023-01-26
com.plumewifi.plume.quantum,Quantum Fiber 360 WiFi,"The Quantum Fiber 360 WiFi app, powered by Plume, makes staying connected to your connected world even simpler. Set up and manage your 360 WiFi Pods using your smart phone and stay connected seamlessly in every room, on any device. You call the shots with just a few taps. With the Quantum Fiber 360 WiFi app, you can:â€¢	Set up and customize your home network with a few taps on your mobile device.â€¢	See whoâ€™s connected and how much bandwidth theyâ€™re using. â€¢	Give guests WiFi access with a dedicated password.â€¢	Control, filter content and even pause the internet on kidsâ€™ devices.â€¢	Protect your home network from hackers and cybercriminals with AI Securityâ„¢ features.â€¢	Easily add 360 WiFi Pods as your household grows, to expand your in-home coverage.â€¢	Love more of your browsing time with a powerful, built-in ad blocker.â€¢	Install updates and new features on your schedule.",https://play.google.com/store/apps/details?id=com.plumewifi.plume.quantum&hl=en&gl=ES,['Tools'],"Plume Design, Inc.",None,0.0,0,"Jul 26, 2023",['EN'],Android,https://www.centurylink.com/aboutus/legal.html,PEGI 3,0,10000,None,[],[],[],[],[],[],[],[],[],[],[],[],[],[],[],[],[],[],[],[],[],[],[],[],[],[],[],[],[],[],[],[],[],[],[],[],[],[],[],[],[],[],[],[],[],[],[],[],[],['man'],[],2023-07-26
com.gellab.quantum3,Quantum 3,"Quantum 3 is an educational match-3 game for all ages where fun meets quantum physics! Build subatomic particles, learn about the mysteries of fundamental physics and deploy antimatter to clear the way! You'll match and swap quarks to make (and learn about) the baryons you need for each objective. Puzzle out the quantum properties of color, flavor and spin. So get in there and start your quantum-venture! Quantum 3 is puzzle-matching at its finest and a great intro to the world of particle physics! The game is free-to-play with no in-app purchases. The game is developed at Michigan State University by the Games for Entertainment and Learning Lab and is funded under grant PHY 1653405 by the National Science Foundation.",https://play.google.com/store/apps/details?id=com.gellab.quantum3&hl=en&gl=ES,['Puzzle'],Michigan State University GEL Lab,http://gel.msu.edu,0.0,0,"Jan 30, 2023",['EN'],Android,http://gel.msu.edu/privacypolicy.html,PEGI 3,0,5000,None,[],[],[],[],[],[],[],[],[],[],[],[],[],[],[],[],[],[],[],[],[],[],[],[],[],[],[],[],[],[],[],[],[],[],[],[],[],[],[],[],[],[],[],[],[],[],[],[],[],[],[],2023-01-30
com.regisapp.regiswebview,Quantum Assets,A global blockchain decentralized assets holder. Providing a full range of utilize Gold/Silver assets in more than 120 countries and regions around the globe.,https://play.google.com/store/apps/details?id=com.regisapp.regiswebview&hl=en&gl=ES,['Finance'],Decentralized Finance,https://quantumassets.app,0.0,0,"Oct 24, 2023",['EN'],Android,https://quantumassets.app/privacy-policy,PEGI 3,0,500,None,[],[],[],[],[],[],[],[],[],[],[],[],[],[],[],[],[],[],[],[],[],[],[],[],[],[],[],[],[],[],[],[],[],[],[],[],[],[],[],[],[],[],[],[],[],[],[],[],[],[],[],2023-10-24
com.krazeapps.quantumprogrammingcompiler,Quantum Programming Compiler,"Quantum computing is touted as the next big thing in the computer revolution! The app allows you to learn and program in quantum! It is intended for anybody who has at least some basic programming skills. The tutorials are designed for beginners as well as professionals. The app uses the QISKit SDK and simulator (https://github.com/QISKit/qiskit-sdk-py) licensed under Apache 2.0. Coding is done in Python 3.5.Features:- Compile and run your quantum program- Supports plotting and graphing- View program output or detailed error- Custom keyboard for easy input of frequently used characters- Optimized for connecting with external physical/bluetooth keyboard- Source code editor with syntax highlighting and line numbers- Open, save, import and share source files. - Easy and advanced tutorialsLimitations:- Internet connection is required for compilation- Maximum program running time is 20s- It is recommended to use no more than 8 qubits",https://play.google.com/store/apps/details?id=com.krazeapps.quantumprogrammingcompiler&hl=en&gl=ES,['Education'],Kappsmart,https://kappsmart.com/quantumcompiler/,0.0,0,"Sep 13, 2023",['EN'],Android,https://kappsmart.com/privacy_policy/pp.php?app=Quantum%20Programming%20Compiler,PEGI 3,0,1000,â‚¬5.49 if billed through Play,[],[],[],[],[],[],[],[],[],[],[],[],[],[],[],[],[],[],[],[],[],[],[],[],[],[],[],[],[],[],[],[],[],[],[],[],[],[],[],[],[],[],[],[],[],[],[],[],[],[],[],2023-09-13
com.ph.quantumq,QuantumQ : Circuit Puzzle,Puzzle game about quantum circuit and quantum logic gate. Learn the basic of quantum computing through solving puzzles and discover the awesome world of quantum mechanics.,https://play.google.com/store/apps/details?id=com.ph.quantumq&hl=en&gl=ES,['Puzzle'],pHoton,https://ray-ph.github.io/quantumQ/,0.0,0,"Aug 29, 2023",['EN'],Android,https://ray-ph.github.io/quantumQ/privacy/,PEGI 3,0,1000,None,[],[],[],[],[],[],[],[],[],[],[],[],[],[],[],[],[],[],[],[],[],[],[],[],[],[],[],[],[],[],[],[],[],[],[],[],[],[],[],[],[],[],[],[],[],[],[],[],[],[],[],2023-08-29
com.baidu.qmobile,é‡æ˜“ä¼,é‡æ˜“ä¼ QMobile APP è®©å­¦ä¹ é‡å­è®¡ç®—å’Œé‡å­ç”µè·¯å®éªŒå¦™è¶£æ¨ªç”Ÿï¼Œæ–¹ä¾¿åˆå­¦è€…ä½“éªŒå’Œå­¦ä¹ é‡å­è®¡ç®—ã€‚æ‚¨å¯ä»¥ï¼š- åœ¨é‡å­å°è°ƒé¡µé¢ä¸­ä½¿ç”¨ç”ŸåŠ¨æœ‰è¶£çš„æ•™ç¨‹å­¦ä¹ é‡å­è®¡ç®—çŸ¥è¯†- åœ¨é‡å­ä½œæ›²å®¶ä¸­å¯è§†åŒ–åœ°åˆ›å»ºé‡å­ç”µè·¯ï¼Œå¹¶ä½¿ç”¨é‡å­è®¡ç®—æœºåŠæ¨¡æ‹Ÿå™¨è¿è¡Œé‡å­ç”µè·¯- ç®¡ç†é‡å­è®¡ç®—ä»»åŠ¡å’Œé‡æ˜“ä¼è´¦å·- é€šè¿‡åé¦ˆé¡µé¢å¯»æ±‚æŠ€æœ¯æ”¯æŒ,https://apps.apple.com/es/app/%E9%87%8F%E6%98%93%E4%BC%8F/id1606494282?uo=4,"['Para desarrolladores', 'EducaciÃ³n']","Baidu Online Internet Service (Beijing) Co., Ltd",None,0,0,"May 04, 2023","['EN', 'ZH']",iOS,None,4+,0.0,0.0,None,[],[],[],[],[],[],[],[],[],[],[],[],[],[],[],[],[],[],[],[],[],[],[],[],[],[],[],[],[],[],[],[],[],[],[],[],[],[],[],[],[],[],[],[],[],[],[],[],[],[],[],2023-05-04
